{
  "main": {
    "id": "1bc14d0784dacda1",
    "type": "split",
    "children": [
      {
        "id": "ad404349ebe807d1",
        "type": "tabs",
        "children": [
          {
            "id": "4ab74724c075dd61",
            "type": "leaf",
            "state": {
              "type": "canvas",
              "state": {
                "file": "Importante.canvas",
                "viewState": {
                  "x": 3715.1101761387536,
                  "y": 2110.7695002426844,
                  "zoom": -0.6666666666666665
                }
              }
            }
          }
        ]
      }
    ],
    "direction": "vertical"
  },
  "left": {
    "id": "93943dc90df62ce7",
    "type": "split",
    "children": [
      {
        "id": "c7793b9c029dbd4b",
        "type": "tabs",
        "children": [
          {
            "id": "fb44f96f135be5f8",
            "type": "leaf",
            "state": {
              "type": "file-explorer",
              "state": {
                "sortOrder": "alphabetical"
              }
            }
          },
          {
            "id": "c08cc0602bb15051",
            "type": "leaf",
            "state": {
              "type": "search",
              "state": {
                "query": "",
                "matchingCase": false,
                "explainSearch": false,
                "collapseAll": false,
                "extraContext": false,
                "sortOrder": "alphabetical"
              }
            }
          },
          {
            "id": "e9bb84661bd01380",
            "type": "leaf",
            "state": {
              "type": "bookmarks",
              "state": {}
            }
          }
        ]
      }
    ],
    "direction": "horizontal",
    "width": 200,
    "collapsed": true
  },
  "right": {
    "id": "55dfc065dfa7458e",
    "type": "split",
    "children": [
      {
        "id": "09f1b58ae922337d",
        "type": "tabs",
        "children": [
          {
            "id": "52195d62d3567062",
            "type": "leaf",
            "state": {
              "type": "backlink",
              "state": {
                "file": "LCS v.1.png",
                "collapseAll": false,
                "extraContext": false,
                "sortOrder": "alphabetical",
                "showSearch": false,
                "searchQuery": "",
                "backlinkCollapsed": false,
                "unlinkedCollapsed": true
              }
            }
          },
          {
            "id": "5e653710275b0f63",
            "type": "leaf",
            "state": {
              "type": "outgoing-link",
              "state": {
                "file": "LCS v.1.png",
                "linksCollapsed": false,
                "unlinkedCollapsed": true
              }
            }
          },
          {
            "id": "fe84e6f7a344f04b",
            "type": "leaf",
            "state": {
              "type": "tag",
              "state": {
                "sortOrder": "frequency",
                "useHierarchy": true
              }
            }
          },
          {
            "id": "7610bae019290d5b",
            "type": "leaf",
            "state": {
              "type": "outline",
              "state": {
                "file": "LCS v.1.png"
              }
            }
          }
        ]
      }
    ],
    "direction": "horizontal",
    "width": 200,
    "collapsed": true
  },
  "left-ribbon": {
    "hiddenItems": {
      "switcher:Open quick switcher": false,
      "graph:Open graph view": false,
      "canvas:Create new canvas": false,
      "daily-notes:Open today's daily note": false,
      "templates:Insert template": false,
      "command-palette:Open command palette": false,
      "obsidian-excalidraw-plugin:Create new drawing": false
    }
  },
  "active": "4ab74724c075dd61",
  "lastOpenFiles": [
    "LCS v.3.png",
    "Pasted image 20230612172452.png",
    "Board Menu.png",
    "Pasted image 20230612170544.png",
    "LCS v.2.png",
    "LCS v.1.png",
    "Trello Board.png",
    "LCS LOGO.jpg",
    "LCS_GENERAL_OVERVIEW.canvas",
    "2023-06-02.md",
    "LCS GENERAL OVERVIEW.canvas",
    "Excalidraw/Drawing 2023-06-02 16.11.30.excalidraw.md",
    "Excalidraw"
  ]
}